Model,
CPH,0.7089698997046372
CoxNet,0.7093431998814669
RSF,0.7467963134476369